Workbook

Sheet Catalogo_Risposte
A1: Ownership | B1: ID_Risposta | C1: Fase | D1: Risposta_Semplice | E1: Archetipo_Primario | F1: Archetipo_Secondario | G1: Da_Revisionare
A2: CIRO | B2: P01 | C2: Personaggio | D2: Un bambino curioso. | E2: Creativo | F2: Innovatore | G2: SI
A3: CIRO | B3: P02 | C3: Personaggio | D3: Una bambina coraggiosa. | E3: Innovatore | F3: Empatico | G3: SI
A4: CIRO | B4: P03 | C4: Personaggio | D4: Un inventore gentile. | E4: Innovatore | F4: Analitico | G4: SI
A5: CIRO | B5: P04 | C5: Personaggio | D5: Un'amica che ascolta tutti. | E5: Empatico | F5: Connector | G5: SI
A6: CIRO | B6: P05 | C6: Personaggio | D6: Un fratello maggiore responsabile. | E6: Analitico | F6: Empatico | G6: SI
A7: CIRO | B7: P06 | C7: Personaggio | D7: Una guida del villaggio. | E7: Connector | F7: Analitico | G7: SI
A8: CIRO | B8: L01 | C8: Luogo | D8: Nel parco del quartiere. | E8: Empatico | F8: Creativo | G8: SI
A9: CIRO | B9: L02 | C9: Luogo | D9: In una biblioteca colorata. | E9: Analitico | F9: Creativo | G9: SI
A10: CIRO | B10: L03 | C10: Luogo | D10: In una scuola di magia. | E10: Creativo | F10: Innovatore | G10: SI
A11: CIRO | B11: L04 | C11: Luogo | D11: Nel bosco vicino casa. | E11: Innovatore | F11: Empatico | G11: SI
A12: CIRO | B12: L05 | C12: Luogo | D12: In una piazza piena di giochi. | E12: Connector | F12: Empatico | G12: SI
... A37: STEFANO | B37: F06 | C37: Finale | D37: La storia finisce con una festa. | E37: Creativo | F37: Empatico | G37: SI

Sheet Input_Semplice
A1: Data | B1: Sessione | C1: Player | D1: Personaggio_ID | E1: Luogo_ID | F1: Oggetto_ID | G1: Problema_ID | H1: Soluzione_ID | I1: Finale_ID | J1: Personaggio | K1: Luogo | L1: Oggetto | M1: Problema | N1: Soluzione | O1: Finale | P1: A1_P | Q1: A2_P | R1: A1_L | S1: A2_L | T1: A1_O | U1: A2_O | V1: A1_R | W1: A2_R | X1: A1_S | Y1: A2_S | Z1: A1_F | AA1: A2_F
J2: =IFERROR(INDEX(Catalogo_Risposte!$D:$D, MATCH($D2, Catalogo_Risposte!$B:$B, 0)), "") | K2: =IFERROR(INDEX(Catalogo_Risposte!$D:$D, MATCH($E2, Catalogo_Risposte!$B:$B, 0)), "") | L2: =IFERROR(INDEX(Catalogo_Risposte!$D:$D, MATCH($F2, Catalogo_Risposte!$B:$B, 0)), "") | M2: =IFERROR(INDEX(Catalogo_Risposte!$D:$D, MATCH($G2, Catalogo_Risposte!$B:$B, 0)), "") | N2: =IFERROR(INDEX(Catalogo_Risposte!$D:$D, MATCH($H2, Catalogo_Risposte!$B:$B, 0)), "") | O2: =IFERROR(INDEX(Catalogo_Risposte!$D:$D, MATCH($I2, Catalogo_Risposte!$B:$B, 0)), "") | P2: =IFERROR(INDEX(Catalogo_Risposte!$E:$E, MATCH($D2, Catalogo_Risposte!$B:$B, 0)), "") | Q2: =IFERROR(INDEX(Catalogo_Risposte!$F:$F, MATCH($D2, Catalogo_Risposte!$B:$B, 0)), "") | R2: =IFERROR(INDEX(Catalogo_Risposte!$E:$E, MATCH($E2, Catalogo_Risposte!$B:$B, 0)), "") | S2: =IFERROR(INDEX(Catalogo_Risposte!$F:$F, MATCH($E2, Catalogo_Risposte!$B:$B, 0)), "") | T2: =IFERROR(INDEX(Catalogo_Risposte!$E:$E, MATCH($F2, Catalogo_Risposte!$B:$B, 0)), "") | U2: =IFERROR(INDEX(Catalogo_Risposte!$F:$F, MATCH($F2, Catalogo_Risposte!$B:$B, 0)), "") | V2: =IFERROR(INDEX(Catalogo_Risposte!$E:$E, MATCH($G2, Catalogo_Risposte!$B:$B, 0)), "") | W2: =IFERROR(INDEX(Catalogo_Risposte!$F:$F, MATCH($G2, Catalogo_Risposte!$B:$B, 0)), "") | X2: =IFERROR(INDEX(Catalogo_Risposte!$E:$E, MATCH($H2, Catalogo_Risposte!$B:$B, 0)), "") | Y2: =IFERROR(INDEX(Catalogo_Risposte!$F:$F, MATCH($H2, Catalogo_Risposte!$B:$B, 0)), "") | Z2: =IFERROR(INDEX(Catalogo_Risposte!$E:$E, MATCH($I2, Catalogo_Risposte!$B:$B, 0)), "") | AA2: =IFERROR(INDEX(Catalogo_Risposte!$F:$F, MATCH($I2, Catalogo_Risposte!$B:$B, 0)), "")
J3: =IFERROR(INDEX(Catalogo_Risposte!$D:$D, MATCH($D3, Catalogo_Risposte!$B:$B, 0)), "") | K3: =IFERROR(INDEX(Catalogo_Risposte!$D:$D, MATCH($E3, Catalogo_Risposte!$B:$B, 0)), "") | L3: =IFERROR(INDEX(Catalogo_Risposte!$D:$D, MATCH($F3, Catalogo_Risposte!$B:$B, 0)), "") | M3: =IFERROR(INDEX(Catalogo_Risposte!$D:$D, MATCH($G3, Catalogo_Risposte!$B:$B, 0)), "") | N3: =IFERROR(INDEX(Catalogo_Risposte!$D:$D, MATCH($H3, Catalogo_Risposte!$B:$B, 0)), "") | O3: =IFERROR(INDEX(Catalogo_Risposte!$D:$D, MATCH($I3, Catalogo_Risposte!$B:$B, 0)), "") | P3: =IFERROR(INDEX(Catalogo_Risposte!$E:$E, MATCH($D3, Catalogo_Risposte!$B:$B, 0)), "") | Q3: =IFERROR(INDEX(Catalogo_Risposte!$F:$F, MATCH($D3, Catalogo_Risposte!$B:$B, 0)), "") | R3: =IFERROR(INDEX(Catalogo_Risposte!$E:$E, MATCH($E3, Catalogo_Risposte!$B:$B, 0)), "") | S3: =IFERROR(INDEX(Catalogo_Risposte!$F:$F, MATCH($E3, Catalogo_Risposte!$B:$B, 0)), "") | T3: =IFERROR(INDEX(Catalogo_Risposte!$E:$E, MATCH($F3, Catalogo_Risposte!$B:$B, 0)), "") | U3: =IFERROR(INDEX(Catalogo_Risposte!$F:$F, MATCH($F3, Catalogo_Risposte!$B:$B, 0)), "") | V3: =IFERROR(INDEX(Catalogo_Risposte!$E:$E, MATCH($G3, Catalogo_Risposte!$B:$B, 0)), "") | W3: =IFERROR(INDEX(Catalogo_Risposte!$F:$F, MATCH($G3, Catalogo_Risposte!$B:$B, 0)), "") | X3: =IFERROR(INDEX(Catalogo_Risposte!$E:$E, MATCH($H3, Catalogo_Risposte!$B:$B, 0)), "") | Y3: =IFERROR(INDEX(Catalogo_Risposte!$F:$F, MATCH($H3, Catalogo_Risposte!$B:$B, 0)), "") | Z3: =IFERROR(INDEX(Catalogo_Risposte!$E:$E, MATCH($I3, Catalogo_Risposte!$B:$B, 0)), "") | AA3: =IFERROR(INDEX(Catalogo_Risposte!$F:$F, MATCH($I3, Catalogo_Risposte!$B:$B, 0)), "")
J4: =IFERROR(INDEX(Catalogo_Risposte!$D:$D, MATCH($D4, Catalogo_Risposte!$B:$B, 0)), "") | K4: =IFERROR(INDEX(Catalogo_Risposte!$D:$D, MATCH($E4, Catalogo_Risposte!$B:$B, 0)), "") | L4: =IFERROR(INDEX(Catalogo_Risposte!$D:$D, MATCH($F4, Catalogo_Risposte!$B:$B, 0)), "") | M4: =IFERROR(INDEX(Catalogo_Risposte!$D:$D, MATCH($G4, Catalogo_Risposte!$B:$B, 0)), "") | N4: =IFERROR(INDEX(Catalogo_Risposte!$D:$D, MATCH($H4, Catalogo_Risposte!$B:$B, 0)), "") | O4: =IFERROR(INDEX(Catalogo_Risposte!$D:$D, MATCH($I4, Catalogo_Risposte!$B:$B, 0)), "") | P4: =IFERROR(INDEX(Catalogo_Risposte!$E:$E, MATCH($D4, Catalogo_Risposte!$B:$B, 0)), "") | Q4: =IFERROR(INDEX(Catalogo_Risposte!$F:$F, MATCH($D4, Catalogo_Risposte!$B:$B, 0)), "") | R4: =IFERROR(INDEX(Catalogo_Risposte!$E:$E, MATCH($E4, Catalogo_Risposte!$B:$B, 0)), "") | S4: =IFERROR(INDEX(Catalogo_Risposte!$F:$F, MATCH($E4, Catalogo_Risposte!$B:$B, 0)), "") | T4: =IFERROR(INDEX(Catalogo_Risposte!$E:$E, MATCH($F4, Catalogo_Risposte!$B:$B, 0)), "") | U4: =IFERROR(INDEX(Catalogo_Risposte!$F:$F, MATCH($F4, Catalogo_Risposte!$B:$B, 0)), "") | V4: =IFERROR(INDEX(Catalogo_Risposte!$E:$E, MATCH($G4, Catalogo_Risposte!$B:$B, 0)), "") | W4: =IFERROR(INDEX(Catalogo_Risposte!$F:$F, MATCH($G4, Catalogo_Risposte!$B:$B, 0)), "") | X4: =IFERROR(INDEX(Catalogo_Risposte!$E:$E, MATCH($H4, Catalogo_Risposte!$B:$B, 0)), "") | Y4: =IFERROR(INDEX(Catalogo_Risposte!$F:$F, MATCH($H4, Catalogo_Risposte!$B:$B, 0)), "") | Z4: =IFERROR(INDEX(Catalogo_Risposte!$E:$E, MATCH($I4, Catalogo_Risposte!$B:$B, 0)), "") | AA4: =IFERROR(INDEX(Catalogo_Risposte!$F:$F, MATCH($I4, Catalogo_Risposte!$B:$B, 0)), "")
J5: =IFERROR(INDEX(Catalogo_Risposte!$D:$D, MATCH($D5, Catalogo_Risposte!$B:$B, 0)), "") | K5: =IFERROR(INDEX(Catalogo_Risposte!$D:$D, MATCH($E5, Catalogo_Risposte!$B:$B, 0)), "") | L5: =IFERROR(INDEX(Catalogo_Risposte!$D:$D, MATCH($F5, Catalogo_Risposte!$B:$B, 0)), "") | M5: =IFERROR(INDEX(Catalogo_Risposte!$D:$D, MATCH($G5, Catalogo_Risposte!$B:$B, 0)), "") | N5: =IFERROR(INDEX(Catalogo_Risposte!$D:$D, MATCH($H5, Catalogo_Risposte!$B:$B, 0)), "") | O5: =IFERROR(INDEX(Catalogo_Risposte!$D:$D, MATCH($I5, Catalogo_Risposte!$B:$B, 0)), "") | P5: =IFERROR(INDEX(Catalogo_Risposte!$E:$E, MATCH($D5, Catalogo_Risposte!$B:$B, 0)), "") | Q5: =IFERROR(INDEX(Catalogo_Risposte!$F:$F, MATCH($D5, Catalogo_Risposte!$B:$B, 0)), "") | R5: =IFERROR(INDEX(Catalogo_Risposte!$E:$E, MATCH($E5, Catalogo_Risposte!$B:$B, 0)), "") | S5: =IFERROR(INDEX(Catalogo_Risposte!$F:$F, MATCH($E5, Catalogo_Risposte!$B:$B, 0)), "") | T5: =IFERROR(INDEX(Catalogo_Risposte!$E:$E, MATCH($F5, Catalogo_Risposte!$B:$B, 0)), "") | U5: =IFERROR(INDEX(Catalogo_Risposte!$F:$F, MATCH($F5, Catalogo_Risposte!$B:$B, 0)), "") | V5: =IFERROR(INDEX(Catalogo_Risposte!$E:$E, MATCH($G5, Catalogo_Risposte!$B:$B, 0)), "") | W5: =IFERROR(INDEX(Catalogo_Risposte!$F:$F, MATCH($G5, Catalogo_Risposte!$B:$B, 0)), "") | X5: =IFERROR(INDEX(Catalogo_Risposte!$E:$E, MATCH($H5, Catalogo_Risposte!$B:$B, 0)), "") | Y5: =IFERROR(INDEX(Catalogo_Risposte!$F:$F, MATCH($H5, Catalogo_Risposte!$B:$B, 0)), "") | Z5: =IFERROR(INDEX(Catalogo_Risposte!$E:$E, MATCH($I5, Catalogo_Risposte!$B:$B, 0)), "") | AA5: =IFERROR(INDEX(Catalogo_Risposte!$F:$F, MATCH($I5, Catalogo_Risposte!$B:$B, 0)), "")
J6: =IFERROR(INDEX(Catalogo_Risposte!$D:$D, MATCH($D6, Catalogo_Risposte!$B:$B, 0)), "") | K6: =IFERROR(INDEX(Catalogo_Risposte!$D:$D, MATCH($E6, Catalogo_Risposte!$B:$B, 0)), "") | L6: =IFERROR(INDEX(Catalogo_Risposte!$D:$D, MATCH($F6, Catalogo_Risposte!$B:$B, 0)), "") | M6: =IFERROR(INDEX(Catalogo_Risposte!$D:$D, MATCH($G6, Catalogo_Risposte!$B:$B, 0)), "") | N6: =IFERROR(INDEX(Catalogo_Risposte!$D:$D, MATCH($H6, Catalogo_Risposte!$B:$B, 0)), "") | O6: =IFERROR(INDEX(Catalogo_Risposte!$D:$D, MATCH($I6, Catalogo_Risposte!$B:$B, 0)), "") | P6: =IFERROR(INDEX(Catalogo_Risposte!$E:$E, MATCH($D6, Catalogo_Risposte!$B:$B, 0)), "") | Q6: =IFERROR(INDEX(Catalogo_Risposte!$F:$F, MATCH($D6, Catalogo_Risposte!$B:$B, 0)), "") | R6: =IFERROR(INDEX(Catalogo_Risposte!$E:$E, MATCH($E6, Catalogo_Risposte!$B:$B, 0)), "") | S6: =IFERROR(INDEX(Catalogo_Risposte!$F:$F, MATCH($E6, Catalogo_Risposte!$B:$B, 0)), "") | T6: =IFERROR(INDEX(Catalogo_Risposte!$E:$E, MATCH($F6, Catalogo_Risposte!$B:$B, 0)), "") | U6: =IFERROR(INDEX(Catalogo_Risposte!$F:$F, MATCH($F6, Catalogo_Risposte!$B:$B, 0)), "") | V6: =IFERROR(INDEX(Catalogo_Risposte!$E:$E, MATCH($G6, Catalogo_Risposte!$B:$B, 0)), "") | W6: =IFERROR(INDEX(Catalogo_Risposte!$F:$F, MATCH($G6, Catalogo_Risposte!$B:$B, 0)), "") | X6: =IFERROR(INDEX(Catalogo_Risposte!$E:$E, MATCH($H6, Catalogo_Risposte!$B:$B, 0)), "") | Y6: =IFERROR(INDEX(Catalogo_Risposte!$F:$F, MATCH($H6, Catalogo_Risposte!$B:$B, 0)), "") | Z6: =IFERROR(INDEX(Catalogo_Risposte!$E:$E, MATCH($I6, Catalogo_Risposte!$B:$B, 0)), "") | AA6: =IFERROR(INDEX(Catalogo_Risposte!$F:$F, MATCH($I6, Catalogo_Risposte!$B:$B, 0)), "")
J7: =IFERROR(INDEX(Catalogo_Risposte!$D:$D, MATCH($D7, Catalogo_Risposte!$B:$B, 0)), "") | K7: =IFERROR(INDEX(Catalogo_Risposte!$D:$D, MATCH($E7, Catalogo_Risposte!$B:$B, 0)), "") | L7: =IFERROR(INDEX(Catalogo_Risposte!$D:$D, MATCH($F7, Catalogo_Risposte!$B:$B, 0)), "") | M7: =IFERROR(INDEX(Catalogo_Risposte!$D:$D, MATCH($G7, Catalogo_Risposte!$B:$B, 0)), "") | N7: =IFERROR(INDEX(Catalogo_Risposte!$D:$D, MATCH($H7, Catalogo_Risposte!$B:$B, 0)), "") | O7: =IFERROR(INDEX(Catalogo_Risposte!$D:$D, MATCH($I7, Catalogo_Risposte!$B:$B, 0)), "") | P7: =IFERROR(INDEX(Catalogo_Risposte!$E:$E, MATCH($D7, Catalogo_Risposte!$B:$B, 0)), "") | Q7: =IFERROR(INDEX(Catalogo_Risposte!$F:$F, MATCH($D7, Catalogo_Risposte!$B:$B, 0)), "") | R7: =IFERROR(INDEX(Catalogo_Risposte!$E:$E, MATCH($E7, Catalogo_Risposte!$B:$B, 0)), "") | S7: =IFERROR(INDEX(Catalogo_Risposte!$F:$F, MATCH($E7, Catalogo_Risposte!$B:$B, 0)), "") | T7: =IFERROR(INDEX(Catalogo_Risposte!$E:$E, MATCH($F7, Catalogo_Risposte!$B:$B, 0)), "") | U7: =IFERROR(INDEX(Catalogo_Risposte!$F:$F, MATCH($F7, Catalogo_Risposte!$B:$B, 0)), "") | V7: =IFERROR(INDEX(Catalogo_Risposte!$E:$E, MATCH($G7, Catalogo_Risposte!$B:$B, 0)), "") | W7: =IFERROR(INDEX(Catalogo_Risposte!$F:$F, MATCH($G7, Catalogo_Risposte!$B:$B, 0)), "") | X7: =IFERROR(INDEX(Catalogo_Risposte!$E:$E, MATCH($H7, Catalogo_Risposte!$B:$B, 0)), "") | Y7: =IFERROR(INDEX(Catalogo_Risposte!$F:$F, MATCH($H7, Catalogo_Risposte!$B:$B, 0)), "") | Z7: =IFERROR(INDEX(Catalogo_Risposte!$E:$E, MATCH($I7, Catalogo_Risposte!$B:$B, 0)), "") | AA7: =IFERROR(INDEX(Catalogo_Risposte!$F:$F, MATCH($I7, Catalogo_Risposte!$B:$B, 0)), "")
J8: =IFERROR(INDEX(Catalogo_Risposte!$D:$D, MATCH($D8, Catalogo_Risposte!$B:$B, 0)), "") | K8: =IFERROR(INDEX(Catalogo_Risposte!$D:$D, MATCH($E8, Catalogo_Risposte!$B:$B, 0)), "") | L8: =IFERROR(INDEX(Catalogo_Risposte!$D:$D, MATCH($F8, Catalogo_Risposte!$B:$B, 0)), "") | M8: =IFERROR(INDEX(Catalogo_Risposte!$D:$D, MATCH($G8, Catalogo_Risposte!$B:$B, 0)), "") | N8: =IFERROR(INDEX(Catalogo_Risposte!$D:$D, MATCH($H8, Catalogo_Risposte!$B:$B, 0)), "") | O8: =IFERROR(INDEX(Catalogo_Risposte!$D:$D, MATCH($I8, Catalogo_Risposte!$B:$B, 0)), "") | P8: =IFERROR(INDEX(Catalogo_Risposte!$E:$E, MATCH($D8, Catalogo_Risposte!$B:$B, 0)), "") | Q8: =IFERROR(INDEX(Catalogo_Risposte!$F:$F, MATCH($D8, Catalogo_Risposte!$B:$B, 0)), "") | R8: =IFERROR(INDEX(Catalogo_Risposte!$E:$E, MATCH($E8, Catalogo_Risposte!$B:$B, 0)), "") | S8: =IFERROR(INDEX(Catalogo_Risposte!$F:$F, MATCH($E8, Catalogo_Risposte!$B:$B, 0)), "") | T8: =IFERROR(INDEX(Catalogo_Risposte!$E:$E, MATCH($F8, Catalogo_Risposte!$B:$B, 0)), "") | U8: =IFERROR(INDEX(Catalogo_Risposte!$F:$F, MATCH($F8, Catalogo_Risposte!$B:$B, 0)), "") | V8: =IFERROR(INDEX(Catalogo_Risposte!$E:$E, MATCH($G8, Catalogo_Risposte!$B:$B, 0)), "") | W8: =IFERROR(INDEX(Catalogo_Risposte!$F:$F, MATCH($G8, Catalogo_Risposte!$B:$B, 0)), "") | X8: =IFERROR(INDEX(Catalogo_Risposte!$E:$E, MATCH($H8, Catalogo_Risposte!$B:$B, 0)), "") | Y8: =IFERROR(INDEX(Catalogo_Risposte!$F:$F, MATCH($H8, Catalogo_Risposte!$B:$B, 0)), "") | Z8: =IFERROR(INDEX(Catalogo_Risposte!$E:$E, MATCH($I8, Catalogo_Risposte!$B:$B, 0)), "") | AA8: =IFERROR(INDEX(Catalogo_Risposte!$F:$F, MATCH($I8, Catalogo_Risposte!$B:$B, 0)), "")
J9: =IFERROR(INDEX(Catalogo_Risposte!$D:$D, MATCH($D9, Catalogo_Risposte!$B:$B, 0)), "") | K9: =IFERROR(INDEX(Catalogo_Risposte!$D:$D, MATCH($E9, Catalogo_Risposte!$B:$B, 0)), "") | L9: =IFERROR(INDEX(Catalogo_Risposte!$D:$D, MATCH($F9, Catalogo_Risposte!$B:$B, 0)), "") | M9: =IFERROR(INDEX(Catalogo_Risposte!$D:$D, MATCH($G9, Catalogo_Risposte!$B:$B, 0)), "") | N9: =IFERROR(INDEX(Catalogo_Risposte!$D:$D, MATCH($H9, Catalogo_Risposte!$B:$B, 0)), "") | O9: =IFERROR(INDEX(Catalogo_Risposte!$D:$D, MATCH($I9, Catalogo_Risposte!$B:$B, 0)), "") | P9: =IFERROR(INDEX(Catalogo_Risposte!$E:$E, MATCH($D9, Catalogo_Risposte!$B:$B, 0)), "") | Q9: =IFERROR(INDEX(Catalogo_Risposte!$F:$F, MATCH($D9, Catalogo_Risposte!$B:$B, 0)), "") | R9: =IFERROR(INDEX(Catalogo_Risposte!$E:$E, MATCH($E9, Catalogo_Risposte!$B:$B, 0)), "") | S9: =IFERROR(INDEX(Catalogo_Risposte!$F:$F, MATCH($E9, Catalogo_Risposte!$B:$B, 0)), "") | T9: =IFERROR(INDEX(Catalogo_Risposte!$E:$E, MATCH($F9, Catalogo_Risposte!$B:$B, 0)), "") | U9: =IFERROR(INDEX(Catalogo_Risposte!$F:$F, MATCH($F9, Catalogo_Risposte!$B:$B, 0)), "") | V9: =IFERROR(INDEX(Catalogo_Risposte!$E:$E, MATCH($G9, Catalogo_Risposte!$B:$B, 0)), "") | W9: =IFERROR(INDEX(Catalogo_Risposte!$F:$F, MATCH($G9, Catalogo_Risposte!$B:$B, 0)), "") | X9: =IFERROR(INDEX(Catalogo_Risposte!$E:$E, MATCH($H9, Catalogo_Risposte!$B:$B, 0)), "") | Y9: =IFERROR(INDEX(Catalogo_Risposte!$F:$F, MATCH($H9, Catalogo_Risposte!$B:$B, 0)), "") | Z9: =IFERROR(INDEX(Catalogo_Risposte!$E:$E, MATCH($I9, Catalogo_Risposte!$B:$B, 0)), "") | AA9: =IFERROR(INDEX(Catalogo_Risposte!$F:$F, MATCH($I9, Catalogo_Risposte!$B:$B, 0)), "")
J10: =IFERROR(INDEX(Catalogo_Risposte!$D:$D, MATCH($D10, Catalogo_Risposte!$B:$B, 0)), "") | K10: =IFERROR(INDEX(Catalogo_Risposte!$D:$D, MATCH($E10, Catalogo_Risposte!$B:$B, 0)), "") | L10: =IFERROR(INDEX(Catalogo_Risposte!$D:$D, MATCH($F10, Catalogo_Risposte!$B:$B, 0)), "") | M10: =IFERROR(INDEX(Catalogo_Risposte!$D:$D, MATCH($G10, Catalogo_Risposte!$B:$B, 0)), "") | N10: =IFERROR(INDEX(Catalogo_Risposte!$D:$D, MATCH($H10, Catalogo_Risposte!$B:$B, 0)), "") | O10: =IFERROR(INDEX(Catalogo_Risposte!$D:$D, MATCH($I10, Catalogo_Risposte!$B:$B, 0)), "") | P10: =IFERROR(INDEX(Catalogo_Risposte!$E:$E, MATCH($D10, Catalogo_Risposte!$B:$B, 0)), "") | Q10: =IFERROR(INDEX(Catalogo_Risposte!$F:$F, MATCH($D10, Catalogo_Risposte!$B:$B, 0)), "") | R10: =IFERROR(INDEX(Catalogo_Risposte!$E:$E, MATCH($E10, Catalogo_Risposte!$B:$B, 0)), "") | S10: =IFERROR(INDEX(Catalogo_Risposte!$F:$F, MATCH($E10, Catalogo_Risposte!$B:$B, 0)), "") | T10: =IFERROR(INDEX(Catalogo_Risposte!$E:$E, MATCH($F10, Catalogo_Risposte!$B:$B, 0)), "") | U10: =IFERROR(INDEX(Catalogo_Risposte!$F:$F, MATCH($F10, Catalogo_Risposte!$B:$B, 0)), "") | V10: =IFERROR(INDEX(Catalogo_Risposte!$E:$E, MATCH($G10, Catalogo_Risposte!$B:$B, 0)), "") | W10: =IFERROR(INDEX(Catalogo_Risposte!$F:$F, MATCH($G10, Catalogo_Risposte!$B:$B, 0)), "") | X10: =IFERROR(INDEX(Catalogo_Risposte!$E:$E, MATCH($H10, Catalogo_Risposte!$B:$B, 0)), "") | Y10: =IFERROR(INDEX(Catalogo_Risposte!$F:$F, MATCH($H10, Catalogo_Risposte!$B:$B, 0)), "") | Z10: =IFERROR(INDEX(Catalogo_Risposte!$E:$E, MATCH($I10, Catalogo_Risposte!$B:$B, 0)), "") | AA10: =IFERROR(INDEX(Catalogo_Risposte!$F:$F, MATCH($I10, Catalogo_Risposte!$B:$B, 0)), "")
J11: =IFERROR(INDEX(Catalogo_Risposte!$D:$D, MATCH($D11, Catalogo_Risposte!$B:$B, 0)), "") | K11: =IFERROR(INDEX(Catalogo_Risposte!$D:$D, MATCH($E11, Catalogo_Risposte!$B:$B, 0)), "") | L11: =IFERROR(INDEX(Catalogo_Risposte!$D:$D, MATCH($F11, Catalogo_Risposte!$B:$B, 0)), "") | M11: =IFERROR(INDEX(Catalogo_Risposte!$D:$D, MATCH($G11, Catalogo_Risposte!$B:$B, 0)), "") | N11: =IFERROR(INDEX(Catalogo_Risposte!$D:$D, MATCH($H11, Catalogo_Risposte!$B:$B, 0)), "") | O11: =IFERROR(INDEX(Catalogo_Risposte!$D:$D, MATCH($I11, Catalogo_Risposte!$B:$B, 0)), "") | P11: =IFERROR(INDEX(Catalogo_Risposte!$E:$E, MATCH($D11, Catalogo_Risposte!$B:$B, 0)), "") | Q11: =IFERROR(INDEX(Catalogo_Risposte!$F:$F, MATCH($D11, Catalogo_Risposte!$B:$B, 0)), "") | R11: =IFERROR(INDEX(Catalogo_Risposte!$E:$E, MATCH($E11, Catalogo_Risposte!$B:$B, 0)), "") | S11: =IFERROR(INDEX(Catalogo_Risposte!$F:$F, MATCH($E11, Catalogo_Risposte!$B:$B, 0)), "") | T11: =IFERROR(INDEX(Catalogo_Risposte!$E:$E, MATCH($F11, Catalogo_Risposte!$B:$B, 0)), "") | U11: =IFERROR(INDEX(Catalogo_Risposte!$F:$F, MATCH($F11, Catalogo_Risposte!$B:$B, 0)), "") | V11: =IFERROR(INDEX(Catalogo_Risposte!$E:$E, MATCH($G11, Catalogo_Risposte!$B:$B, 0)), "") | W11: =IFERROR(INDEX(Catalogo_Risposte!$F:$F, MATCH($G11, Catalogo_Risposte!$B:$B, 0)), "") | X11: =IFERROR(INDEX(Catalogo_Risposte!$E:$E, MATCH($H11, Catalogo_Risposte!$B:$B, 0)), "") | Y11: =IFERROR(INDEX(Catalogo_Risposte!$F:$F, MATCH($H11, Catalogo_Risposte!$B:$B, 0)), "") | Z11: =IFERROR(INDEX(Catalogo_Risposte!$E:$E, MATCH($I11, Catalogo_Risposte!$B:$B, 0)), "") | AA11: =IFERROR(INDEX(Catalogo_Risposte!$F:$F, MATCH($I11, Catalogo_Risposte!$B:$B, 0)), "")
J12: =IFERROR(INDEX(Catalogo_Risposte!$D:$D, MATCH($D12, Catalogo_Risposte!$B:$B, 0)), "") | K12: =IFERROR(INDEX(Catalogo_Risposte!$D:$D, MATCH($E12, Catalogo_Risposte!$B:$B, 0)), "") | L12: =IFERROR(INDEX(Catalogo_Risposte!$D:$D, MATCH($F12, Catalogo_Risposte!$B:$B, 0)), "") | M12: =IFERROR(INDEX(Catalogo_Risposte!$D:$D, MATCH($G12, Catalogo_Risposte!$B:$B, 0)), "") | N12: =IFERROR(INDEX(Catalogo_Risposte!$D:$D, MATCH($H12, Catalogo_Risposte!$B:$B, 0)), "") | O12: =IFERROR(INDEX(Catalogo_Risposte!$D:$D, MATCH($I12, Catalogo_Risposte!$B:$B, 0)), "") | P12: =IFERROR(INDEX(Catalogo_Risposte!$E:$E, MATCH($D12, Catalogo_Risposte!$B:$B, 0)), "") | Q12: =IFERROR(INDEX(Catalogo_Risposte!$F:$F, MATCH($D12, Catalogo_Risposte!$B:$B, 0)), "") | R12: =IFERROR(INDEX(Catalogo_Risposte!$E:$E, MATCH($E12, Catalogo_Risposte!$B:$B, 0)), "") | S12: =IFERROR(INDEX(Catalogo_Risposte!$F:$F, MATCH($E12, Catalogo_Risposte!$B:$B, 0)), "") | T12: =IFERROR(INDEX(Catalogo_Risposte!$E:$E, MATCH($F12, Catalogo_Risposte!$B:$B, 0)), "") | U12: =IFERROR(INDEX(Catalogo_Risposte!$F:$F, MATCH($F12, Catalogo_Risposte!$B:$B, 0)), "") | V12: =IFERROR(INDEX(Catalogo_Risposte!$E:$E, MATCH($G12, Catalogo_Risposte!$B:$B, 0)), "") | W12: =IFERROR(INDEX(Catalogo_Risposte!$F:$F, MATCH($G12, Catalogo_Risposte!$B:$B, 0)), "") | X12: =IFERROR(INDEX(Catalogo_Risposte!$E:$E, MATCH($H12, Catalogo_Risposte!$B:$B, 0)), "") | Y12: =IFERROR(INDEX(Catalogo_Risposte!$F:$F, MATCH($H12, Catalogo_Risposte!$B:$B, 0)), "") | Z12: =IFERROR(INDEX(Catalogo_Risposte!$E:$E, MATCH($I12, Catalogo_Risposte!$B:$B, 0)), "") | AA12: =IFERROR(INDEX(Catalogo_Risposte!$F:$F, MATCH($I12, Catalogo_Risposte!$B:$B, 0)), "")
J13: =IFERROR(INDEX(Catalogo_Risposte!$D:$D, MATCH($D13, Catalogo_Risposte!$B:$B, 0)), "") | K13: =IFERROR(INDEX(Catalogo_Risposte!$D:$D, MATCH($E13, Catalogo_Risposte!$B:$B, 0)), "") | L13: =IFERROR(INDEX(Catalogo_Risposte!$D:$D, MATCH($F13, Catalogo_Risposte!$B:$B, 0)), "") | M13: =IFERROR(INDEX(Catalogo_Risposte!$D:$D, MATCH($G13, Catalogo_Risposte!$B:$B, 0)), "") | N13: =IFERROR(INDEX(Catalogo_Risposte!$D:$D, MATCH($H13, Catalogo_Risposte!$B:$B, 0)), "") | O13: =IFERROR(INDEX(Catalogo_Risposte!$D:$D, MATCH($I13, Catalogo_Risposte!$B:$B, 0)), "") | P13: =IFERROR(INDEX(Catalogo_Risposte!$E:$E, MATCH($D13, Catalogo_Risposte!$B:$B, 0)), "") | Q13: =IFERROR(INDEX(Catalogo_Risposte!$F:$F, MATCH($D13, Catalogo_Risposte!$B:$B, 0)), "") | R13: =IFERROR(INDEX(Catalogo_Risposte!$E:$E, MATCH($E13, Catalogo_Risposte!$B:$B, 0)), "") | S13: =IFERROR(INDEX(Catalogo_Risposte!$F:$F, MATCH($E13, Catalogo_Risposte!$B:$B, 0)), "") | T13: =IFERROR(INDEX(Catalogo_Risposte!$E:$E, MATCH($F13, Catalogo_Risposte!$B:$B, 0)), "") | U13: =IFERROR(INDEX(Catalogo_Risposte!$F:$F, MATCH($F13, Catalogo_Risposte!$B:$B, 0)), "") | V13: =IFERROR(INDEX(Catalogo_Risposte!$E:$E, MATCH($G13, Catalogo_Risposte!$B:$B, 0)), "") | W13: =IFERROR(INDEX(Catalogo_Risposte!$F:$F, MATCH($G13, Catalogo_Risposte!$B:$B, 0)), "") | X13: =IFERROR(INDEX(Catalogo_Risposte!$E:$E, MATCH($H13, Catalogo_Risposte!$B:$B, 0)), "") | Y13: =IFERROR(INDEX(Catalogo_Risposte!$F:$F, MATCH($H13, Catalogo_Risposte!$B:$B, 0)), "") | Z13: =IFERROR(INDEX(Catalogo_Risposte!$E:$E, MATCH($I13, Catalogo_Risposte!$B:$B, 0)), "") | AA13: =IFERROR(INDEX(Catalogo_Risposte!$F:$F, MATCH($I13, Catalogo_Risposte!$B:$B, 0)), "")
... J201: =IFERROR(INDEX(Catalogo_Risposte!$D:$D, MATCH($D201, Catalogo_Risposte!$B:$B, 0)), "") | K201: =IFERROR(INDEX(Catalogo_Risposte!$D:$D, MATCH($E201, Catalogo_Risposte!$B:$B, 0)), "") | L201: =IFERROR(INDEX(Catalogo_Risposte!$D:$D, MATCH($F201, Catalogo_Risposte!$B:$B, 0)), "") | M201: =IFERROR(INDEX(Catalogo_Risposte!$D:$D, MATCH($G201, Catalogo_Risposte!$B:$B, 0)), "") | N201: =IFERROR(INDEX(Catalogo_Risposte!$D:$D, MATCH($H201, Catalogo_Risposte!$B:$B, 0)), "") | O201: =IFERROR(INDEX(Catalogo_Risposte!$D:$D, MATCH($I201, Catalogo_Risposte!$B:$B, 0)), "") | P201: =IFERROR(INDEX(Catalogo_Risposte!$E:$E, MATCH($D201, Catalogo_Risposte!$B:$B, 0)), "") | Q201: =IFERROR(INDEX(Catalogo_Risposte!$F:$F, MATCH($D201, Catalogo_Risposte!$B:$B, 0)), "") | R201: =IFERROR(INDEX(Catalogo_Risposte!$E:$E, MATCH($E201, Catalogo_Risposte!$B:$B, 0)), "") | S201: =IFERROR(INDEX(Catalogo_Risposte!$F:$F, MATCH($E201, Catalogo_Risposte!$B:$B, 0)), "") | T201: =IFERROR(INDEX(Catalogo_Risposte!$E:$E, MATCH($F201, Catalogo_Risposte!$B:$B, 0)), "") | U201: =IFERROR(INDEX(Catalogo_Risposte!$F:$F, MATCH($F201, Catalogo_Risposte!$B:$B, 0)), "") | V201: =IFERROR(INDEX(Catalogo_Risposte!$E:$E, MATCH($G201, Catalogo_Risposte!$B:$B, 0)), "") | W201: =IFERROR(INDEX(Catalogo_Risposte!$F:$F, MATCH($G201, Catalogo_Risposte!$B:$B, 0)), "") | X201: =IFERROR(INDEX(Catalogo_Risposte!$E:$E, MATCH($H201, Catalogo_Risposte!$B:$B, 0)), "") | Y201: =IFERROR(INDEX(Catalogo_Risposte!$F:$F, MATCH($H201, Catalogo_Risposte!$B:$B, 0)), "") | Z201: =IFERROR(INDEX(Catalogo_Risposte!$E:$E, MATCH($I201, Catalogo_Risposte!$B:$B, 0)), "") | AA201: =IFERROR(INDEX(Catalogo_Risposte!$F:$F, MATCH($I201, Catalogo_Risposte!$B:$B, 0)), "")

Sheet Score_Archetipi
A1: Player | B1: Creativo | C1: Analitico | D1: Empatico | E1: Innovatore | F1: Connector | G1: Max | H1: Profilo_Risultante
B2: =COUNTIFS(Input_Semplice!$C:$C,$A2,Input_Semplice!$P:$AA,B$1) -> #VALUE! | C2: =COUNTIFS(Input_Semplice!$C:$C,$A2,Input_Semplice!$P:$AA,C$1) -> #VALUE! | D2: =COUNTIFS(Input_Semplice!$C:$C,$A2,Input_Semplice!$P:$AA,D$1) -> #VALUE! | E2: =COUNTIFS(Input_Semplice!$C:$C,$A2,Input_Semplice!$P:$AA,E$1) -> #VALUE! | F2: =COUNTIFS(Input_Semplice!$C:$C,$A2,Input_Semplice!$P:$AA,F$1) -> #VALUE! | G2: =MAX(B2:F2) -> #VALUE! | H2: =IF($A2="","",_xludf.TEXTJOIN(" + ",TRUE,IF(B2:F2=G2,$B$1:$F$1,"")))
B3: =COUNTIFS(Input_Semplice!$C:$C,$A3,Input_Semplice!$P:$AA,B$1) -> #VALUE! | C3: =COUNTIFS(Input_Semplice!$C:$C,$A3,Input_Semplice!$P:$AA,C$1) -> #VALUE! | D3: =COUNTIFS(Input_Semplice!$C:$C,$A3,Input_Semplice!$P:$AA,D$1) -> #VALUE! | E3: =COUNTIFS(Input_Semplice!$C:$C,$A3,Input_Semplice!$P:$AA,E$1) -> #VALUE! | F3: =COUNTIFS(Input_Semplice!$C:$C,$A3,Input_Semplice!$P:$AA,F$1) -> #VALUE! | G3: =MAX(B3:F3) -> #VALUE! | H3: =IF($A3="","",_xludf.TEXTJOIN(" + ",TRUE,IF(B3:F3=G3,$B$1:$F$1,"")))
B4: =COUNTIFS(Input_Semplice!$C:$C,$A4,Input_Semplice!$P:$AA,B$1) -> #VALUE! | C4: =COUNTIFS(Input_Semplice!$C:$C,$A4,Input_Semplice!$P:$AA,C$1) -> #VALUE! | D4: =COUNTIFS(Input_Semplice!$C:$C,$A4,Input_Semplice!$P:$AA,D$1) -> #VALUE! | E4: =COUNTIFS(Input_Semplice!$C:$C,$A4,Input_Semplice!$P:$AA,E$1) -> #VALUE! | F4: =COUNTIFS(Input_Semplice!$C:$C,$A4,Input_Semplice!$P:$AA,F$1) -> #VALUE! | G4: =MAX(B4:F4) -> #VALUE! | H4: =IF($A4="","",_xludf.TEXTJOIN(" + ",TRUE,IF(B4:F4=G4,$B$1:$F$1,"")))
B5: =COUNTIFS(Input_Semplice!$C:$C,$A5,Input_Semplice!$P:$AA,B$1) -> #VALUE! | C5: =COUNTIFS(Input_Semplice!$C:$C,$A5,Input_Semplice!$P:$AA,C$1) -> #VALUE! | D5: =COUNTIFS(Input_Semplice!$C:$C,$A5,Input_Semplice!$P:$AA,D$1) -> #VALUE! | E5: =COUNTIFS(Input_Semplice!$C:$C,$A5,Input_Semplice!$P:$AA,E$1) -> #VALUE! | F5: =COUNTIFS(Input_Semplice!$C:$C,$A5,Input_Semplice!$P:$AA,F$1) -> #VALUE! | G5: =MAX(B5:F5) -> #VALUE! | H5: =IF($A5="","",_xludf.TEXTJOIN(" + ",TRUE,IF(B5:F5=G5,$B$1:$F$1,"")))
B6: =COUNTIFS(Input_Semplice!$C:$C,$A6,Input_Semplice!$P:$AA,B$1) -> #VALUE! | C6: =COUNTIFS(Input_Semplice!$C:$C,$A6,Input_Semplice!$P:$AA,C$1) -> #VALUE! | D6: =COUNTIFS(Input_Semplice!$C:$C,$A6,Input_Semplice!$P:$AA,D$1) -> #VALUE! | E6: =COUNTIFS(Input_Semplice!$C:$C,$A6,Input_Semplice!$P:$AA,E$1) -> #VALUE! | F6: =COUNTIFS(Input_Semplice!$C:$C,$A6,Input_Semplice!$P:$AA,F$1) -> #VALUE! | G6: =MAX(B6:F6) -> #VALUE! | H6: =IF($A6="","",_xludf.TEXTJOIN(" + ",TRUE,IF(B6:F6=G6,$B$1:$F$1,"")))
B7: =COUNTIFS(Input_Semplice!$C:$C,$A7,Input_Semplice!$P:$AA,B$1) -> #VALUE! | C7: =COUNTIFS(Input_Semplice!$C:$C,$A7,Input_Semplice!$P:$AA,C$1) -> #VALUE! | D7: =COUNTIFS(Input_Semplice!$C:$C,$A7,Input_Semplice!$P:$AA,D$1) -> #VALUE! | E7: =COUNTIFS(Input_Semplice!$C:$C,$A7,Input_Semplice!$P:$AA,E$1) -> #VALUE! | F7: =COUNTIFS(Input_Semplice!$C:$C,$A7,Input_Semplice!$P:$AA,F$1) -> #VALUE! | G7: =MAX(B7:F7) -> #VALUE! | H7: =IF($A7="","",_xludf.TEXTJOIN(" + ",TRUE,IF(B7:F7=G7,$B$1:$F$1,"")))
B8: =COUNTIFS(Input_Semplice!$C:$C,$A8,Input_Semplice!$P:$AA,B$1) -> #VALUE! | C8: =COUNTIFS(Input_Semplice!$C:$C,$A8,Input_Semplice!$P:$AA,C$1) -> #VALUE! | D8: =COUNTIFS(Input_Semplice!$C:$C,$A8,Input_Semplice!$P:$AA,D$1) -> #VALUE! | E8: =COUNTIFS(Input_Semplice!$C:$C,$A8,Input_Semplice!$P:$AA,E$1) -> #VALUE! | F8: =COUNTIFS(Input_Semplice!$C:$C,$A8,Input_Semplice!$P:$AA,F$1) -> #VALUE! | G8: =MAX(B8:F8) -> #VALUE! | H8: =IF($A8="","",_xludf.TEXTJOIN(" + ",TRUE,IF(B8:F8=G8,$B$1:$F$1,"")))
B9: =COUNTIFS(Input_Semplice!$C:$C,$A9,Input_Semplice!$P:$AA,B$1) -> #VALUE! | C9: =COUNTIFS(Input_Semplice!$C:$C,$A9,Input_Semplice!$P:$AA,C$1) -> #VALUE! | D9: =COUNTIFS(Input_Semplice!$C:$C,$A9,Input_Semplice!$P:$AA,D$1) -> #VALUE! | E9: =COUNTIFS(Input_Semplice!$C:$C,$A9,Input_Semplice!$P:$AA,E$1) -> #VALUE! | F9: =COUNTIFS(Input_Semplice!$C:$C,$A9,Input_Semplice!$P:$AA,F$1) -> #VALUE! | G9: =MAX(B9:F9) -> #VALUE! | H9: =IF($A9="","",_xludf.TEXTJOIN(" + ",TRUE,IF(B9:F9=G9,$B$1:$F$1,"")))
B10: =COUNTIFS(Input_Semplice!$C:$C,$A10,Input_Semplice!$P:$AA,B$1) -> #VALUE! | C10: =COUNTIFS(Input_Semplice!$C:$C,$A10,Input_Semplice!$P:$AA,C$1) -> #VALUE! | D10: =COUNTIFS(Input_Semplice!$C:$C,$A10,Input_Semplice!$P:$AA,D$1) -> #VALUE! | E10: =COUNTIFS(Input_Semplice!$C:$C,$A10,Input_Semplice!$P:$AA,E$1) -> #VALUE! | F10: =COUNTIFS(Input_Semplice!$C:$C,$A10,Input_Semplice!$P:$AA,F$1) -> #VALUE! | G10: =MAX(B10:F10) -> #VALUE! | H10: =IF($A10="","",_xludf.TEXTJOIN(" + ",TRUE,IF(B10:F10=G10,$B$1:$F$1,"")))
B11: =COUNTIFS(Input_Semplice!$C:$C,$A11,Input_Semplice!$P:$AA,B$1) -> #VALUE! | C11: =COUNTIFS(Input_Semplice!$C:$C,$A11,Input_Semplice!$P:$AA,C$1) -> #VALUE! | D11: =COUNTIFS(Input_Semplice!$C:$C,$A11,Input_Semplice!$P:$AA,D$1) -> #VALUE! | E11: =COUNTIFS(Input_Semplice!$C:$C,$A11,Input_Semplice!$P:$AA,E$1) -> #VALUE! | F11: =COUNTIFS(Input_Semplice!$C:$C,$A11,Input_Semplice!$P:$AA,F$1) -> #VALUE! | G11: =MAX(B11:F11) -> #VALUE! | H11: =IF($A11="","",_xludf.TEXTJOIN(" + ",TRUE,IF(B11:F11=G11,$B$1:$F$1,"")))
B12: =COUNTIFS(Input_Semplice!$C:$C,$A12,Input_Semplice!$P:$AA,B$1) -> #VALUE! | C12: =COUNTIFS(Input_Semplice!$C:$C,$A12,Input_Semplice!$P:$AA,C$1) -> #VALUE! | D12: =COUNTIFS(Input_Semplice!$C:$C,$A12,Input_Semplice!$P:$AA,D$1) -> #VALUE! | E12: =COUNTIFS(Input_Semplice!$C:$C,$A12,Input_Semplice!$P:$AA,E$1) -> #VALUE! | F12: =COUNTIFS(Input_Semplice!$C:$C,$A12,Input_Semplice!$P:$AA,F$1) -> #VALUE! | G12: =MAX(B12:F12) -> #VALUE! | H12: =IF($A12="","",_xludf.TEXTJOIN(" + ",TRUE,IF(B12:F12=G12,$B$1:$F$1,"")))
B13: =COUNTIFS(Input_Semplice!$C:$C,$A13,Input_Semplice!$P:$AA,B$1) -> #VALUE! | C13: =COUNTIFS(Input_Semplice!$C:$C,$A13,Input_Semplice!$P:$AA,C$1) -> #VALUE! | D13: =COUNTIFS(Input_Semplice!$C:$C,$A13,Input_Semplice!$P:$AA,D$1) -> #VALUE! | E13: =COUNTIFS(Input_Semplice!$C:$C,$A13,Input_Semplice!$P:$AA,E$1) -> #VALUE! | F13: =COUNTIFS(Input_Semplice!$C:$C,$A13,Input_Semplice!$P:$AA,F$1) -> #VALUE! | G13: =MAX(B13:F13) -> #VALUE! | H13: =IF($A13="","",_xludf.TEXTJOIN(" + ",TRUE,IF(B13:F13=G13,$B$1:$F$1,"")))
... B41: =COUNTIFS(Input_Semplice!$C:$C,$A41,Input_Semplice!$P:$AA,B$1) -> #VALUE! | C41: =COUNTIFS(Input_Semplice!$C:$C,$A41,Input_Semplice!$P:$AA,C$1) -> #VALUE! | D41: =COUNTIFS(Input_Semplice!$C:$C,$A41,Input_Semplice!$P:$AA,D$1) -> #VALUE! | E41: =COUNTIFS(Input_Semplice!$C:$C,$A41,Input_Semplice!$P:$AA,E$1) -> #VALUE! | F41: =COUNTIFS(Input_Semplice!$C:$C,$A41,Input_Semplice!$P:$AA,F$1) -> #VALUE! | G41: =MAX(B41:F41) -> #VALUE! | H41: =IF($A41="","",_xludf.TEXTJOIN(" + ",TRUE,IF(B41:F41=G41,$B$1:$F$1,"")))

Sheet Istruzioni
A1: Istruzioni rapide (6 fasi)
A3: 1) Ogni riga di Input_Semplice e una mini-storia del player.
A4: 2) Inserisci Data, Sessione, Player.
A5: 3) Scegli 1 carta per ciascuna delle 6 fasi: Personaggio, Luogo, Oggetto, Problema, Soluzione, Finale.
A6: 4) Testi e archetipi si compilano automaticamente.
A7: 5) In Score_Archetipi scrivi i nomi player in colonna A.
A8: 6) Profilo_Risultante mostra archetipo dominante o mix in caso di parita.
